id,name,created_at,updated_at,category_id
1,レディース,2019-07-15,2019-07-15
2,メンズ,2019-07-15,2019-07-15
3,ベビー・キッズ,2019-07-15,2019-07-15
4,インテリア・住まい・小物,2019-07-15,2019-07-15
5,本・音楽・ゲーム,2019-07-15,2019-07-15
6,おもちゃ・ホビー・グッズ,2019-07-15,2019-07-15
7,コスメ・香水・美容,2019-07-15,2019-07-15
8,家電・スマホ・カメラ,2019-07-15,2019-07-15
9,スポーツ・レジャー,2019-07-15,2019-07-15
10,ハンドメイド,2019-07-15,2019-07-15
11,チケット,2019-07-15,2019-07-15
12,自動車・オートバイ,2019-07-15,2019-07-15
13,その他,2019-07-15,2019-07-15
14,トップス,2019-07-15,2019-07-15,1
15,ジャケット/アウター,2019-07-15,2019-07-15,1
16,パンツ,2019-07-15,2019-07-15,1
17,スカート,2019-07-15,2019-07-15,1
18,ワンピース,2019-07-15,2019-07-15,1
19,靴,2019-07-15,2019-07-15,1
20,ルームウェア/パジャマ,2019-07-15,2019-07-15,1
21,レッグウェア,2019-07-15,2019-07-15,1
22,帽子,2019-07-15,2019-07-15,1
23,バッグ,2019-07-15,2019-07-15,1
24,アクセサリー,2019-07-15,2019-07-15,1
25,ヘアアクセサリー,2019-07-15,2019-07-15,1
26,小物,2019-07-15,2019-07-15,1
27,時計,2019-07-15,2019-07-15,1
28,ウィッグ/エクステ,2019-07-15,2019-07-15,1
29,浴衣/水着,2019-07-15,2019-07-15,1
30,スーツ/フォーマル/ドレス,2019-07-15,2019-07-15,1
31,マタニティ,2019-07-15,2019-07-15,1
32,その他,2019-07-15,2019-07-15,1
33,トップス,2019-07-15,2019-07-15,2
34,ジャケット/アウター,2019-07-15,2019-07-15,2
35,パンツ,2019-07-15,2019-07-15,2
36,靴,2019-07-15,2019-07-15,2
37,バッグ,2019-07-15,2019-07-15,2
38,スーツ,2019-07-15,2019-07-15,2
39,帽子,2019-07-15,2019-07-15,2
40,アクセサリー,2019-07-15,2019-07-15,2
41,小物,2019-07-15,2019-07-15,2
42,時計,2019-07-15,2019-07-15,2
43,水着,2019-07-15,2019-07-15,2
44,レッグウェア,2019-07-15,2019-07-15,2
45,アンダーウェア,2019-07-15,2019-07-15,2
46,その他,2019-07-15,2019-07-15,2
47,ベビー服(女の子用)  ~95cm,2019-07-15,2019-07-15,3
48,ベビー服(男の子用)  ~95cm,2019-07-15,2019-07-15,3
49,ベビー服(男女兼用)  ~95cm,2019-07-15,2019-07-15,3
50,キッズ服(女の子用) 100cm~,2019-07-15,2019-07-15,3
51,キッズ服(男の子用) 100cm~,2019-07-15,2019-07-15,3
52,キッズ服(男女兼用) 100cm~,2019-07-15,2019-07-15,3
53,キッズ靴,2019-07-15,2019-07-15,3
54,子ども用ファッション小物,2019-07-15,2019-07-15,3
55,おむつ/トイレ/バス,2019-07-15,2019-07-15,3
56,外出/移動用品,2019-07-15,2019-07-15,3
57,授乳/食事,2019-07-15,2019-07-15,3
58,ベビー家具/寝具/室内用品,2019-07-15,2019-07-15,3
59,おもちゃ,2019-07-15,2019-07-15,3
60,行事/記念品,2019-07-15,2019-07-15,3
61,その他,2019-07-15,2019-07-15,3
62,キッチン/食器,2019-07-15,2019-07-15,4
63,ベッド/マットレス,2019-07-15,2019-07-15,4
64,ソファ/ソファベッド,2019-07-15,2019-07-15,4
65,椅子/チェア,2019-07-15,2019-07-15,4
66,机/テーブル,2019-07-15,2019-07-15,4
67,収納家具,2019-07-15,2019-07-15,4
68,ラグ/カーペット/マット,2019-07-15,2019-07-15,4
69,カーテン/ブラインド,2019-07-15,2019-07-15,4
70,ライト/照明,2019-07-15,2019-07-15,4
71,寝具,2019-07-15,2019-07-15,4
72,インテリア小物,2019-07-15,2019-07-15,4
73,季節/年中行事,2019-07-15,2019-07-15,4
74,その他,2019-07-15,2019-07-15,4
75,本,2019-07-15,2019-07-15,5
76,漫画,2019-07-15,2019-07-15,5
77,雑誌,2019-07-15,2019-07-15,5
78,CD,2019-07-15,2019-07-15,5
79,DVD/ブルーレイ,2019-07-15,2019-07-15,5
80,レコード,2019-07-15,2019-07-15,5
81,テレビゲーム,2019-07-15,2019-07-15,5
82,おもちゃ,2019-07-15,2019-07-15,6
83,タレントグッズ,2019-07-15,2019-07-15,6
84,コミック/アニメグッズ,2019-07-15,2019-07-15,6
85,トレーディングカード,2019-07-15,2019-07-15,6
86,フィギュア,2019-07-15,2019-07-15,6
87,楽器/器材,2019-07-15,2019-07-15,6
88,コレクション,2019-07-15,2019-07-15,6
89,ミリタリー,2019-07-15,2019-07-15,6
90,美術品,2019-07-15,2019-07-15,6
91,アート用品,2019-07-15,2019-07-15,6
92,その他,2019-07-15,2019-07-15,6
93,ベースメイク,2019-07-15,2019-07-15,7
94,メイクアップ,2019-07-15,2019-07-15,7
95,ネイルケア,2019-07-15,2019-07-15,7
96,香水,2019-07-15,2019-07-15,7
97,スキンケア/基礎化粧品,2019-07-15,2019-07-15,7
98,ヘアケア,2019-07-15,2019-07-15,7
99,ボディケア,2019-07-15,2019-07-15,7
100,オーラルケア,2019-07-15,2019-07-15,7
101,リラクゼーション,2019-07-15,2019-07-15,7
102,ダイエット,2019-07-15,2019-07-15,7
103,その他,2019-07-15,2019-07-15,7
104,スマートフォン/携帯電話,2019-07-15,2019-07-15,8
105,スマホアクセサリー,2019-07-15,2019-07-15,8
106,PC/タブレット,2019-07-15,2019-07-15,8
107,カメラ,2019-07-15,2019-07-15,8
108,テレビ/映像機器,2019-07-15,2019-07-15,8
109,オーディオ機器,2019-07-15,2019-07-15,8
110,美容/健康,2019-07-15,2019-07-15,8
111,冷暖房/空調,2019-07-15,2019-07-15,8
112,生活家電,2019-07-15,2019-07-15,8
113,その他,2019-07-15,2019-07-15,8
114,ゴルフ,2019-07-15,2019-07-15,9
115,フィッシング,2019-07-15,2019-07-15,9
116,自転車,2019-07-15,2019-07-15,9
117,トレーニング/エクササイズ,2019-07-15,2019-07-15,9
118,野球,2019-07-15,2019-07-15,9
119,サッカー/フットサル,2019-07-15,2019-07-15,9
120,テニス,2019-07-15,2019-07-15,9
121,スノーボード,2019-07-15,2019-07-15,9
122,スキー,2019-07-15,2019-07-15,9
123,その他スポーツ,2019-07-15,2019-07-15,9
124,アウトドア,2019-07-15,2019-07-15,9
125,その他,2019-07-15,2019-07-15,9
126,アクセサリー(女性用),2019-07-15,2019-07-15,10
127,ファッション/小物,2019-07-15,2019-07-15,10
128,アクセサリー/時計,2019-07-15,2019-07-15,10
129,日用品/インテリア,2019-07-15,2019-07-15,10
130,趣味/おもちゃ,2019-07-15,2019-07-15,10
131,キッズ/ベビー,2019-07-15,2019-07-15,10
132,素材/材料,2019-07-15,2019-07-15,10
133,二次創作物,2019-07-15,2019-07-15,10
134,その他,2019-07-15,2019-07-15,10
135,音楽  ,2019-07-15,2019-07-15,11
136,スポーツ,2019-07-15,2019-07-15,11
137,演劇/芸能,2019-07-15,2019-07-15,11
138,イベント,2019-07-15,2019-07-15,11
139,映画,2019-07-15,2019-07-15,11
140,施設利用券,2019-07-15,2019-07-15,11
141,優待券/割引券,2019-07-15,2019-07-15,11
142,その他,2019-07-15,2019-07-15,11
143,自動車本体,2019-07-15,2019-07-15,12
144,自動車タイヤ/ホイール,2019-07-15,2019-07-15,12
145,自動車パーツ,2019-07-15,2019-07-15,12
146,自動車アクセサリー,2019-07-15,2019-07-15,12
147,オートバイ車体,2019-07-15,2019-07-15,12
148,オートバイパーツ,2019-07-15,2019-07-15,12
149,オートバイアクセサリー,2019-07-15,2019-07-15,12
150,まとめ売り,2019-07-15,2019-07-15,13
151,ペット用品,2019-07-15,2019-07-15,13
152,食品,2019-07-15,2019-07-15,13
153,飲料/酒,2019-07-15,2019-07-15,13
154,日用品/生活雑貨/旅行,2019-07-15,2019-07-15,13
155,アンティーク/コレクション,2019-07-15,2019-07-15,13
156,文房具/事務用品,2019-07-15,2019-07-15,13
157,事務/店舗用品,2019-07-15,2019-07-15,13
158,その他,2019-07-15,2019-07-15,13
159,Tシャツ/カットソー(半袖/袖なし),2019-07-15,2019-07-15,14
160,Tシャツ/カットソー(七分/長袖),2019-07-15,2019-07-15,14
161,シャツ/ブラウス(半袖/袖なし),2019-07-15,2019-07-15,14
162,シャツ/ブラウス(七分/長袖),2019-07-15,2019-07-15,14
163,ポロシャツ,2019-07-15,2019-07-15,14
164,キャミソール,2019-07-15,2019-07-15,14
165,タンクトップ,2019-07-15,2019-07-15,14
166,ホルターネック,2019-07-15,2019-07-15,14
167,ニット/セーター,2019-07-15,2019-07-15,14
168,チュニック,2019-07-15,2019-07-15,14
169,カーディガン/ボレロ,2019-07-15,2019-07-15,14
170,アンサンブル,2019-07-15,2019-07-15,14
171,ベスト/ジレ,2019-07-15,2019-07-15,14
172,パーカー,2019-07-15,2019-07-15,14
173,トレーナー/スウェット,2019-07-15,2019-07-15,14
174,ベアトップ/チューブトップ,2019-07-15,2019-07-15,14
175,ジャージ,2019-07-15,2019-07-15,14
176,その他,2019-07-15,2019-07-15,14
177,テーラードジャケット,2019-07-15,2019-07-15,15
178,ノーカラージャケット,2019-07-15,2019-07-15,15
179,Gジャン/デニムジャケット,2019-07-15,2019-07-15,15
180,レザージャケット,2019-07-15,2019-07-15,15
181,ダウンジャケット,2019-07-15,2019-07-15,15
182,ライダースジャケット,2019-07-15,2019-07-15,15
183,ミリタリージャケット,2019-07-15,2019-07-15,15
184,ダウンベスト,2019-07-15,2019-07-15,15
185,ジャンパー/ブルゾン,2019-07-15,2019-07-15,15
186,ポンチョ,2019-07-15,2019-07-15,15
187,ロングコート,2019-07-15,2019-07-15,15
188,トレンチコート,2019-07-15,2019-07-15,15
189,ダッフルコート,2019-07-15,2019-07-15,15
190,ピーコート,2019-07-15,2019-07-15,15
191,チェスターコート,2019-07-15,2019-07-15,15
192,モッズコート,2019-07-15,2019-07-15,15
193,スタジャン,2019-07-15,2019-07-15,15
194,毛皮/ファーコート,2019-07-15,2019-07-15,15
195,スプリングコート,2019-07-15,2019-07-15,15
196,スカジャン,2019-07-15,2019-07-15,15
197,その他,2019-07-15,2019-07-15,15
198,デニム/ジーンズ,2019-07-15,2019-07-15,16
199,ショートパンツ,2019-07-15,2019-07-15,16
200,カジュアルパンツ,2019-07-15,2019-07-15,16
201,ハーフパンツ,2019-07-15,2019-07-15,16
202,チノパン,2019-07-15,2019-07-15,16
203,ワークパンツ/カーゴパンツ,2019-07-15,2019-07-15,16
204,クロップドパンツ,2019-07-15,2019-07-15,16
205,サロペット/オーバーオール,2019-07-15,2019-07-15,16
206,オールインワン,2019-07-15,2019-07-15,16
207,サルエルパンツ,2019-07-15,2019-07-15,16
208,ガウチョパンツ,2019-07-15,2019-07-15,16
209,その他,2019-07-15,2019-07-15,16
210,ミニスカート,2019-07-15,2019-07-15,17
211,ひざ丈スカート,2019-07-15,2019-07-15,17
212,ロングスカート,2019-07-15,2019-07-15,17
213,キュロット,2019-07-15,2019-07-15,17
214,その他,2019-07-15,2019-07-15,17
215,ミニワンピース,2019-07-15,2019-07-15,18
216,ひざ丈ワンピース,2019-07-15,2019-07-15,18
217,ロングワンピース,2019-07-15,2019-07-15,18
218,その他,2019-07-15,2019-07-15,18
219,ハイヒール/パンプス,2019-07-15,2019-07-15,19
220,ブーツ,2019-07-15,2019-07-15,19
221,サンダル,2019-07-15,2019-07-15,19
222,スニーカー,2019-07-15,2019-07-15,19
223,ミュール,2019-07-15,2019-07-15,19
224,モカシン,2019-07-15,2019-07-15,19
225,ローファー/革靴,2019-07-15,2019-07-15,19
226,フラットシューズ/バレエシューズ,2019-07-15,2019-07-15,19
227,長靴/レインシューズ,2019-07-15,2019-07-15,19
228,その他,2019-07-15,2019-07-15,19
229,パジャマ,2019-07-15,2019-07-15,20
230,ルームウェア,2019-07-15,2019-07-15,20
231,その他,2019-07-15,2019-07-15,20
232,ソックス,2019-07-15,2019-07-15,21
233,スパッツ/レギンス,2019-07-15,2019-07-15,21
234,ストッキング/タイツ,2019-07-15,2019-07-15,21
235,レッグウォーマー,2019-07-15,2019-07-15,21
236,その他,2019-07-15,2019-07-15,21
237,ニットキャップ/ビーニー,2019-07-15,2019-07-15,22
238,ハット,2019-07-15,2019-07-15,22
239,ハンチング/ベレー帽,2019-07-15,2019-07-15,22
240,キャップ,2019-07-15,2019-07-15,22
241,キャスケット,2019-07-15,2019-07-15,22
242,麦わら帽子,2019-07-15,2019-07-15,22
243,その他,2019-07-15,2019-07-15,22
244,ハンドバッグ,2019-07-15,2019-07-15,23
245,トートバッグ,2019-07-15,2019-07-15,23
246,エコバッグ,2019-07-15,2019-07-15,23
247,リュック/バックパック,2019-07-15,2019-07-15,23
248,ボストンバッグ,2019-07-15,2019-07-15,23
249,スポーツバッグ,2019-07-15,2019-07-15,23
250,ショルダーバッグ,2019-07-15,2019-07-15,23
251,クラッチバッグ,2019-07-15,2019-07-15,23
252,ポーチ/バニティ,2019-07-15,2019-07-15,23
253,ボディバッグ/ウェストバッグ,2019-07-15,2019-07-15,23
254,マザーズバッグ,2019-07-15,2019-07-15,23
255,メッセンジャーバッグ,2019-07-15,2019-07-15,23
256,ビジネスバッグ,2019-07-15,2019-07-15,23
257,旅行用バッグ/キャリーバッグ,2019-07-15,2019-07-15,23
258,ショップ袋,2019-07-15,2019-07-15,23
259,和装用バッグ,2019-07-15,2019-07-15,23
260,かごバッグ,2019-07-15,2019-07-15,23
261,その他,2019-07-15,2019-07-15,23
262,ネックレス,2019-07-15,2019-07-15,24
263,ブレスレット,2019-07-15,2019-07-15,24
264,バングル/リストバンド,2019-07-15,2019-07-15,24
265,リング,2019-07-15,2019-07-15,24
266,ピアス(片耳用),2019-07-15,2019-07-15,24
267,ピアス(両耳用),2019-07-15,2019-07-15,24
268,イヤリング,2019-07-15,2019-07-15,24
269,アンクレット,2019-07-15,2019-07-15,24
270,ブローチ/コサージュ,2019-07-15,2019-07-15,24
271,チャーム,2019-07-15,2019-07-15,24
272,その他,2019-07-15,2019-07-15,24
273,ヘアゴム/シュシュ,2019-07-15,2019-07-15,25
274,ヘアバンド/カチューシャ,2019-07-15,2019-07-15,25
275,ヘアピン,2019-07-15,2019-07-15,25
276,その他,2019-07-15,2019-07-15,25
277,長財布,2019-07-15,2019-07-15,26
278,折り財布,2019-07-15,2019-07-15,26
279,コインケース/小銭入れ,2019-07-15,2019-07-15,26
280,名刺入れ/定期入れ,2019-07-15,2019-07-15,26
281,キーケース,2019-07-15,2019-07-15,26
282,キーホルダー,2019-07-15,2019-07-15,26
283,手袋/アームカバー,2019-07-15,2019-07-15,26
284,ハンカチ,2019-07-15,2019-07-15,26
285,ベルト,2019-07-15,2019-07-15,26
286,マフラー/ショール,2019-07-15,2019-07-15,26
287,ストール/スヌード,2019-07-15,2019-07-15,26
288,バンダナ/スカーフ,2019-07-15,2019-07-15,26
289,ネックウォーマー,2019-07-15,2019-07-15,26
290,サスペンダー,2019-07-15,2019-07-15,26
291,サングラス/メガネ,2019-07-15,2019-07-15,26
292,モバイルケース/カバー,2019-07-15,2019-07-15,26
293,手帳,2019-07-15,2019-07-15,26
294,イヤマフラー,2019-07-15,2019-07-15,26
295,傘,2019-07-15,2019-07-15,26
296,レインコート/ポンチョ,2019-07-15,2019-07-15,26
297,ミラー,2019-07-15,2019-07-15,26
298,タバコグッズ,2019-07-15,2019-07-15,26
299,その他,2019-07-15,2019-07-15,26
300,腕時計(アナログ),2019-07-15,2019-07-15,27
301,腕時計(デジタル),2019-07-15,2019-07-15,27
302,ラバーベルト,2019-07-15,2019-07-15,27
303,レザーベルト,2019-07-15,2019-07-15,27
304,金属ベルト,2019-07-15,2019-07-15,27
305,その他,2019-07-15,2019-07-15,27
306,前髪ウィッグ,2019-07-15,2019-07-15,28
307,ロングストレート,2019-07-15,2019-07-15,28
308,ロングカール,2019-07-15,2019-07-15,28
309,ショートストレート,2019-07-15,2019-07-15,28
310,ショートカール,2019-07-15,2019-07-15,28
311,その他,2019-07-15,2019-07-15,28
312,浴衣,2019-07-15,2019-07-15,29
313,着物,2019-07-15,2019-07-15,29
314,振袖,2019-07-15,2019-07-15,29
315,長襦袢/半襦袢,2019-07-15,2019-07-15,29
316,水着セパレート,2019-07-15,2019-07-15,29
317,水着ワンピース,2019-07-15,2019-07-15,29
318,水着スポーツ用,2019-07-15,2019-07-15,29
319,その他,2019-07-15,2019-07-15,29
320,スカートスーツ上下,2019-07-15,2019-07-15,30
321,パンツスーツ上下,2019-07-15,2019-07-15,30
322,ドレス,2019-07-15,2019-07-15,30
323,パーティーバッグ,2019-07-15,2019-07-15,30
324,シューズ,2019-07-15,2019-07-15,30
325,ウェディング,2019-07-15,2019-07-15,30
326,その他,2019-07-15,2019-07-15,30
327,トップス,2019-07-15,2019-07-15,31
328,アウター,2019-07-15,2019-07-15,31
329,インナー,2019-07-15,2019-07-15,31
330,ワンピース,2019-07-15,2019-07-15,31
331,パンツ/スパッツ,2019-07-15,2019-07-15,31
332,スカート,2019-07-15,2019-07-15,31
333,パジャマ,2019-07-15,2019-07-15,31
334,授乳服,2019-07-15,2019-07-15,31
335,その他,2019-07-15,2019-07-15,31
336,コスプレ,2019-07-15,2019-07-15,32
337,下着,2019-07-15,2019-07-15,32
338,その他,2019-07-15,2019-07-15,32
339,Tシャツ/カットソー(半袖/袖なし),2019-07-15,2019-07-15,33
340,Tシャツ/カットソー(七分/長袖),2019-07-15,2019-07-15,33
341,シャツ,2019-07-15,2019-07-15,33
342,ポロシャツ,2019-07-15,2019-07-15,33
343,タンクトップ,2019-07-15,2019-07-15,33
344,ニット/セーター,2019-07-15,2019-07-15,33
345,パーカー,2019-07-15,2019-07-15,33
346,カーディガン,2019-07-15,2019-07-15,33
347,スウェット,2019-07-15,2019-07-15,33
348,ジャージ,2019-07-15,2019-07-15,33
349,ベスト,2019-07-15,2019-07-15,33
350,その他,2019-07-15,2019-07-15,33
351,テーラードジャケット,2019-07-15,2019-07-15,34
352,ノーカラージャケット,2019-07-15,2019-07-15,34
353,Gジャン/デニムジャケット,2019-07-15,2019-07-15,34
354,レザージャケット,2019-07-15,2019-07-15,34
355,ダウンジャケット,2019-07-15,2019-07-15,34
356,ライダースジャケット,2019-07-15,2019-07-15,34
357,ミリタリージャケット,2019-07-15,2019-07-15,34
358,ナイロンジャケット,2019-07-15,2019-07-15,34
359,フライトジャケット,2019-07-15,2019-07-15,34
360,ダッフルコート,2019-07-15,2019-07-15,34
361,ピーコート,2019-07-15,2019-07-15,34
362,ステンカラーコート,2019-07-15,2019-07-15,34
363,トレンチコート,2019-07-15,2019-07-15,34
364,モッズコート,2019-07-15,2019-07-15,34
365,チェスターコート,2019-07-15,2019-07-15,34
366,スタジャン,2019-07-15,2019-07-15,34
367,スカジャン,2019-07-15,2019-07-15,34
368,ブルゾン,2019-07-15,2019-07-15,34
369,マウンテンパーカー,2019-07-15,2019-07-15,34
370,ダウンベスト,2019-07-15,2019-07-15,34
371,ポンチョ,2019-07-15,2019-07-15,34
372,カバーオール,2019-07-15,2019-07-15,34
373,その他,2019-07-15,2019-07-15,34
374,デニム/ジーンズ,2019-07-15,2019-07-15,35
375,ワークパンツ/カーゴパンツ,2019-07-15,2019-07-15,35
376,スラックス,2019-07-15,2019-07-15,35
377,チノパン,2019-07-15,2019-07-15,35
378,ショートパンツ,2019-07-15,2019-07-15,35
379,ペインターパンツ,2019-07-15,2019-07-15,35
380,サルエルパンツ,2019-07-15,2019-07-15,35
381,オーバーオール,2019-07-15,2019-07-15,35
382,その他,2019-07-15,2019-07-15,35
383,スニーカー,2019-07-15,2019-07-15,36
384,サンダル,2019-07-15,2019-07-15,36
385,ブーツ,2019-07-15,2019-07-15,36
386,モカシン,2019-07-15,2019-07-15,36
387,ドレス/ビジネス,2019-07-15,2019-07-15,36
388,長靴/レインシューズ,2019-07-15,2019-07-15,36
389,デッキシューズ,2019-07-15,2019-07-15,36
390,その他,2019-07-15,2019-07-15,36
391,ショルダーバッグ,2019-07-15,2019-07-15,37
392,トートバッグ,2019-07-15,2019-07-15,37
393,ボストンバッグ,2019-07-15,2019-07-15,37
394,リュック/バックパック,2019-07-15,2019-07-15,37
395,ウエストポーチ,2019-07-15,2019-07-15,37
396,ボディーバッグ,2019-07-15,2019-07-15,37
397,ドラムバッグ,2019-07-15,2019-07-15,37
398,ビジネスバッグ,2019-07-15,2019-07-15,37
399,トラベルバッグ,2019-07-15,2019-07-15,37
400,メッセンジャーバッグ,2019-07-15,2019-07-15,37
401,エコバッグ,2019-07-15,2019-07-15,37
402,その他,2019-07-15,2019-07-15,37
403,スーツジャケット,2019-07-15,2019-07-15,38
404,スーツベスト,2019-07-15,2019-07-15,38
405,スラックス,2019-07-15,2019-07-15,38
406,セットアップ,2019-07-15,2019-07-15,38
407,その他,2019-07-15,2019-07-15,38
408,キャップ,2019-07-15,2019-07-15,39
409,ハット,2019-07-15,2019-07-15,39
410,ニットキャップ/ビーニー,2019-07-15,2019-07-15,39
411,ハンチング/ベレー帽,2019-07-15,2019-07-15,39
412,キャスケット,2019-07-15,2019-07-15,39
413,サンバイザー,2019-07-15,2019-07-15,39
414,その他,2019-07-15,2019-07-15,39
415,ネックレス,2019-07-15,2019-07-15,40
416,ブレスレット,2019-07-15,2019-07-15,40
417,バングル/リストバンド,2019-07-15,2019-07-15,40
418,リング,2019-07-15,2019-07-15,40
419,ピアス(片耳用),2019-07-15,2019-07-15,40
420,ピアス(両耳用),2019-07-15,2019-07-15,40
421,アンクレット,2019-07-15,2019-07-15,40
422,その他,2019-07-15,2019-07-15,40
423,長財布,2019-07-15,2019-07-15,41
424,折り財布,2019-07-15,2019-07-15,41
425,マネークリップ,2019-07-15,2019-07-15,41
426,コインケース/小銭入れ,2019-07-15,2019-07-15,41
427,名刺入れ/定期入れ,2019-07-15,2019-07-15,41
428,キーケース,2019-07-15,2019-07-15,41
429,キーホルダー,2019-07-15,2019-07-15,41
430,ネクタイ,2019-07-15,2019-07-15,41
431,手袋,2019-07-15,2019-07-15,41
432,ハンカチ,2019-07-15,2019-07-15,41
433,ベルト,2019-07-15,2019-07-15,41
434,マフラー,2019-07-15,2019-07-15,41
435,ストール,2019-07-15,2019-07-15,41
436,バンダナ,2019-07-15,2019-07-15,41
437,ネックウォーマー,2019-07-15,2019-07-15,41
438,サスペンダー,2019-07-15,2019-07-15,41
439,ウォレットチェーン,2019-07-15,2019-07-15,41
440,サングラス/メガネ,2019-07-15,2019-07-15,41
441,モバイルケース/カバー,2019-07-15,2019-07-15,41
442,手帳,2019-07-15,2019-07-15,41
443,ストラップ,2019-07-15,2019-07-15,41
444,ネクタイピン,2019-07-15,2019-07-15,41
445,カフリンクス,2019-07-15,2019-07-15,41
446,イヤマフラー,2019-07-15,2019-07-15,41
447,傘,2019-07-15,2019-07-15,41
448,レインコート,2019-07-15,2019-07-15,41
449,ミラー,2019-07-15,2019-07-15,41
450,タバコグッズ,2019-07-15,2019-07-15,41
451,その他,2019-07-15,2019-07-15,41
452,腕時計(アナログ),2019-07-15,2019-07-15,42
453,腕時計(デジタル),2019-07-15,2019-07-15,42
454,ラバーベルト,2019-07-15,2019-07-15,42
455,レザーベルト,2019-07-15,2019-07-15,42
456,金属ベルト,2019-07-15,2019-07-15,42
457,その他,2019-07-15,2019-07-15,42
458,一般水着,2019-07-15,2019-07-15,43
459,スポーツ用,2019-07-15,2019-07-15,43
460,アクセサリー,2019-07-15,2019-07-15,43
461,その他,2019-07-15,2019-07-15,43
462,ソックス,2019-07-15,2019-07-15,44
463,レギンス/スパッツ,2019-07-15,2019-07-15,44
464,レッグウォーマー,2019-07-15,2019-07-15,44
465,その他,2019-07-15,2019-07-15,44
466,トランクス,2019-07-15,2019-07-15,45
467,ボクサーパンツ,2019-07-15,2019-07-15,45
468,その他,2019-07-15,2019-07-15,45
469,トップス,2019-07-15,2019-07-15,46
470,アウター,2019-07-15,2019-07-15,46
471,パンツ,2019-07-15,2019-07-15,46
472,スカート,2019-07-15,2019-07-15,46
473,ワンピース,2019-07-15,2019-07-15,46
474,ベビードレス,2019-07-15,2019-07-15,46
475,おくるみ,2019-07-15,2019-07-15,46
476,下着/肌着,2019-07-15,2019-07-15,46
477,パジャマ,2019-07-15,2019-07-15,46
478,ロンパース,2019-07-15,2019-07-15,46
479,その他,2019-07-15,2019-07-15,46
480,トップス,2019-07-15,2019-07-15,47
481,アウター,2019-07-15,2019-07-15,47
482,パンツ,2019-07-15,2019-07-15,47
483,おくるみ,2019-07-15,2019-07-15,47
484,下着/肌着,2019-07-15,2019-07-15,47
485,パジャマ,2019-07-15,2019-07-15,47
486,ロンパース,2019-07-15,2019-07-15,47
487,その他,2019-07-15,2019-07-15,47
488,トップス,2019-07-15,2019-07-15,48
489,アウター,2019-07-15,2019-07-15,48
490,パンツ,2019-07-15,2019-07-15,48
491,おくるみ,2019-07-15,2019-07-15,48
492,下着/肌着,2019-07-15,2019-07-15,48
493,パジャマ,2019-07-15,2019-07-15,48
494,ロンパース,2019-07-15,2019-07-15,48
495,その他,2019-07-15,2019-07-15,48
496,コート,2019-07-15,2019-07-15,49
497,ジャケット/上着,2019-07-15,2019-07-15,49
498,トップス(Tシャツ/カットソー),2019-07-15,2019-07-15,49
499,トップス(トレーナー),2019-07-15,2019-07-15,49
500,トップス(チュニック),2019-07-15,2019-07-15,49
501,トップス(タンクトップ),2019-07-15,2019-07-15,49
502,トップス(その他),2019-07-15,2019-07-15,49
503,スカート,2019-07-15,2019-07-15,49
504,パンツ,2019-07-15,2019-07-15,49
505,ワンピース,2019-07-15,2019-07-15,49
506,セットアップ,2019-07-15,2019-07-15,49
507,パジャマ,2019-07-15,2019-07-15,49
508,フォーマル/ドレス,2019-07-15,2019-07-15,49
509,和服,2019-07-15,2019-07-15,49
510,浴衣,2019-07-15,2019-07-15,49
511,甚平,2019-07-15,2019-07-15,49
512,水着,2019-07-15,2019-07-15,49
513,その他,2019-07-15,2019-07-15,49
514,コート,2019-07-15,2019-07-15,50
515,ジャケット/上着,2019-07-15,2019-07-15,50
516,トップス(Tシャツ/カットソー),2019-07-15,2019-07-15,50
517,トップス(トレーナー),2019-07-15,2019-07-15,50
518,トップス(その他),2019-07-15,2019-07-15,50
519,パンツ,2019-07-15,2019-07-15,50
520,セットアップ,2019-07-15,2019-07-15,50
521,パジャマ,2019-07-15,2019-07-15,50
522,フォーマル/ドレス,2019-07-15,2019-07-15,50
523,和服,2019-07-15,2019-07-15,50
524,浴衣,2019-07-15,2019-07-15,50
525,甚平,2019-07-15,2019-07-15,50
526,水着,2019-07-15,2019-07-15,50
527,その他,2019-07-15,2019-07-15,50
528,コート,2019-07-15,2019-07-15,51
529,ジャケット/上着,2019-07-15,2019-07-15,51
530,トップス(Tシャツ/カットソー),2019-07-15,2019-07-15,51
531,トップス(トレーナー),2019-07-15,2019-07-15,51
532,トップス(その他),2019-07-15,2019-07-15,51
533,ボトムス,2019-07-15,2019-07-15,51
534,パジャマ,2019-07-15,2019-07-15,51
535,その他,2019-07-15,2019-07-15,51
536,スニーカー,2019-07-15,2019-07-15,52
537,サンダル,2019-07-15,2019-07-15,52
538,ブーツ,2019-07-15,2019-07-15,52
539,長靴,2019-07-15,2019-07-15,52
540,その他,2019-07-15,2019-07-15,52
541,靴下/スパッツ,2019-07-15,2019-07-15,53
542,帽子,2019-07-15,2019-07-15,53
543,エプロン,2019-07-15,2019-07-15,53
544,サスペンダー,2019-07-15,2019-07-15,53
545,タイツ,2019-07-15,2019-07-15,53
546,ハンカチ,2019-07-15,2019-07-15,53
547,バンダナ,2019-07-15,2019-07-15,53
548,ベルト,2019-07-15,2019-07-15,53
549,マフラー,2019-07-15,2019-07-15,53
550,傘,2019-07-15,2019-07-15,53
551,手袋,2019-07-15,2019-07-15,53
552,スタイ,2019-07-15,2019-07-15,53
553,バッグ,2019-07-15,2019-07-15,53
554,その他,2019-07-15,2019-07-15,53
555,おむつ用品,2019-07-15,2019-07-15,54
556,おまる/補助便座,2019-07-15,2019-07-15,54
557,トレーニングパンツ,2019-07-15,2019-07-15,54
558,ベビーバス,2019-07-15,2019-07-15,54
559,お風呂用品,2019-07-15,2019-07-15,54
560,その他,2019-07-15,2019-07-15,54
561,ベビーカー,2019-07-15,2019-07-15,55
562,抱っこひも/スリング,2019-07-15,2019-07-15,55
563,チャイルドシート,2019-07-15,2019-07-15,55
564,その他,2019-07-15,2019-07-15,55
565,ミルク,2019-07-15,2019-07-15,56
566,ベビーフード,2019-07-15,2019-07-15,56
567,ベビー用食器,2019-07-15,2019-07-15,56
568,その他,2019-07-15,2019-07-15,56
569,ベッド,2019-07-15,2019-07-15,57
570,布団/毛布,2019-07-15,2019-07-15,57
571,イス,2019-07-15,2019-07-15,57
572,たんす,2019-07-15,2019-07-15,57
573,その他,2019-07-15,2019-07-15,57
574,おふろのおもちゃ,2019-07-15,2019-07-15,58
575,がらがら,2019-07-15,2019-07-15,58
576,オルゴール,2019-07-15,2019-07-15,58
577,ベビージム,2019-07-15,2019-07-15,58
578,手押し車/カタカタ,2019-07-15,2019-07-15,58
579,知育玩具,2019-07-15,2019-07-15,58
580,その他,2019-07-15,2019-07-15,58
581,お宮参り用品,2019-07-15,2019-07-15,59
582,お食い初め用品,2019-07-15,2019-07-15,59
583,アルバム,2019-07-15,2019-07-15,59
584,手形/足形,2019-07-15,2019-07-15,59
585,その他,2019-07-15,2019-07-15,59
586,母子手帳用品,2019-07-15,2019-07-15,60
587,その他,2019-07-15,2019-07-15,60
588,食器,2019-07-15,2019-07-15,61
589,調理器具,2019-07-15,2019-07-15,61
590,収納/キッチン雑貨,2019-07-15,2019-07-15,61
591,弁当用品,2019-07-15,2019-07-15,61
592,カトラリー(スプーン等),2019-07-15,2019-07-15,61
593,テーブル用品,2019-07-15,2019-07-15,61
594,容器,2019-07-15,2019-07-15,61
595,エプロン,2019-07-15,2019-07-15,61
596,アルコールグッズ,2019-07-15,2019-07-15,61
597,浄水機,2019-07-15,2019-07-15,61
598,その他,2019-07-15,2019-07-15,61
599,セミシングルベッド,2019-07-15,2019-07-15,62
600,シングルベッド,2019-07-15,2019-07-15,62
601,セミダブルベッド,2019-07-15,2019-07-15,62
602,ダブルベッド,2019-07-15,2019-07-15,62
603,ワイドダブルベッド,2019-07-15,2019-07-15,62
604,クイーンベッド,2019-07-15,2019-07-15,62
605,キングベッド,2019-07-15,2019-07-15,62
606,脚付きマットレスベッド,2019-07-15,2019-07-15,62
607,マットレス,2019-07-15,2019-07-15,62
608,すのこベッド,2019-07-15,2019-07-15,62
609,ロフトベッド/システムベッド,2019-07-15,2019-07-15,62
610,簡易ベッド/折りたたみベッド,2019-07-15,2019-07-15,62
611,収納付き,2019-07-15,2019-07-15,62
612,その他,2019-07-15,2019-07-15,62
613,ソファセット,2019-07-15,2019-07-15,63
614,シングルソファ,2019-07-15,2019-07-15,63
615,ラブソファ,2019-07-15,2019-07-15,63
616,トリプルソファ,2019-07-15,2019-07-15,63
617,オットマン,2019-07-15,2019-07-15,63
618,コーナーソファ,2019-07-15,2019-07-15,63
619,ビーズソファ/クッションソファ,2019-07-15,2019-07-15,63
620,ローソファ/フロアソファ,2019-07-15,2019-07-15,63
621,ソファベッド,2019-07-15,2019-07-15,63
622,応接セット,2019-07-15,2019-07-15,63
623,ソファカバー,2019-07-15,2019-07-15,63
624,リクライニングソファ,2019-07-15,2019-07-15,63
625,その他,2019-07-15,2019-07-15,63
626,一般,2019-07-15,2019-07-15,64
627,スツール,2019-07-15,2019-07-15,64
628,ダイニングチェア,2019-07-15,2019-07-15,64
629,ハイバックチェア,2019-07-15,2019-07-15,64
630,ロッキングチェア,2019-07-15,2019-07-15,64
631,座椅子,2019-07-15,2019-07-15,64
632,折り畳みイス,2019-07-15,2019-07-15,64
633,デスクチェア,2019-07-15,2019-07-15,64
634,その他,2019-07-15,2019-07-15,64
635,こたつ,2019-07-15,2019-07-15,65
636,カウンターテーブル,2019-07-15,2019-07-15,65
637,サイドテーブル,2019-07-15,2019-07-15,65
638,センターテーブル,2019-07-15,2019-07-15,65
639,ダイニングテーブル,2019-07-15,2019-07-15,65
640,座卓/ちゃぶ台,2019-07-15,2019-07-15,65
641,アウトドア用,2019-07-15,2019-07-15,65
642,パソコン用,2019-07-15,2019-07-15,65
643,事務机/学習机,2019-07-15,2019-07-15,65
644,その他,2019-07-15,2019-07-15,65
645,リビング収納,2019-07-15,2019-07-15,66
646,キッチン収納,2019-07-15,2019-07-15,66
647,玄関/屋外収納,2019-07-15,2019-07-15,66
648,バス/トイレ収納,2019-07-15,2019-07-15,66
649,本収納,2019-07-15,2019-07-15,66
650,本/CD/DVD収納,2019-07-15,2019-07-15,66
651,洋服タンス/押入れ収納,2019-07-15,2019-07-15,66
652,電話台/ファックス台,2019-07-15,2019-07-15,66
653,ドレッサー/鏡台,2019-07-15,2019-07-15,66
654,棚/ラック,2019-07-15,2019-07-15,66
655,ケース/ボックス,2019-07-15,2019-07-15,66
656,その他,2019-07-15,2019-07-15,66
657,ラグ,2019-07-15,2019-07-15,67
658,カーペット,2019-07-15,2019-07-15,67
659,ホットカーペット,2019-07-15,2019-07-15,67
660,玄関/キッチンマット,2019-07-15,2019-07-15,67
661,トイレ/バスマット,2019-07-15,2019-07-15,67
662,その他,2019-07-15,2019-07-15,67
663,カーテン,2019-07-15,2019-07-15,68
664,ブラインド,2019-07-15,2019-07-15,68
665,ロールスクリーン,2019-07-15,2019-07-15,68
666,のれん,2019-07-15,2019-07-15,68
667,その他,2019-07-15,2019-07-15,68
668,蛍光灯/電球,2019-07-15,2019-07-15,69
669,天井照明,2019-07-15,2019-07-15,69
670,フロアスタンド,2019-07-15,2019-07-15,69
671,その他,2019-07-15,2019-07-15,69
672,布団/毛布,2019-07-15,2019-07-15,70
673,枕,2019-07-15,2019-07-15,70
674,シーツ/カバー,2019-07-15,2019-07-15,70
675,その他,2019-07-15,2019-07-15,70
676,ごみ箱,2019-07-15,2019-07-15,71
677,ウェルカムボード,2019-07-15,2019-07-15,71
678,オルゴール,2019-07-15,2019-07-15,71
679,クッション,2019-07-15,2019-07-15,71
680,クッションカバー,2019-07-15,2019-07-15,71
681,スリッパラック,2019-07-15,2019-07-15,71
682,ティッシュボックス,2019-07-15,2019-07-15,71
683,バスケット/かご,2019-07-15,2019-07-15,71
684,フォトフレーム,2019-07-15,2019-07-15,71
685,マガジンラック,2019-07-15,2019-07-15,71
686,モビール,2019-07-15,2019-07-15,71
687,花瓶,2019-07-15,2019-07-15,71
688,灰皿,2019-07-15,2019-07-15,71
689,傘立て,2019-07-15,2019-07-15,71
690,小物入れ,2019-07-15,2019-07-15,71
691,置時計,2019-07-15,2019-07-15,71
692,掛時計/柱時計,2019-07-15,2019-07-15,71
693,鏡(立て掛け式),2019-07-15,2019-07-15,71
694,鏡(壁掛け式),2019-07-15,2019-07-15,71
695,置物,2019-07-15,2019-07-15,71
696,風鈴,2019-07-15,2019-07-15,71
697,植物/観葉植物,2019-07-15,2019-07-15,71
698,その他,2019-07-15,2019-07-15,71
699,正月,2019-07-15,2019-07-15,72
700,成人式,2019-07-15,2019-07-15,72
701,バレンタインデー,2019-07-15,2019-07-15,72
702,ひな祭り,2019-07-15,2019-07-15,72
703,子どもの日,2019-07-15,2019-07-15,72
704,母の日,2019-07-15,2019-07-15,72
705,父の日,2019-07-15,2019-07-15,72
706,サマーギフト/お中元,2019-07-15,2019-07-15,72
707,夏/夏休み,2019-07-15,2019-07-15,72
708,ハロウィン,2019-07-15,2019-07-15,72
709,敬老の日,2019-07-15,2019-07-15,72
710,七五三,2019-07-15,2019-07-15,72
711,お歳暮,2019-07-15,2019-07-15,72
712,クリスマス,2019-07-15,2019-07-15,72
713,冬一般,2019-07-15,2019-07-15,72
714,その他,2019-07-15,2019-07-15,72
715,文学/小説,2019-07-15,2019-07-15,73
716,人文/社会,2019-07-15,2019-07-15,73
717,ノンフィクション/教養,2019-07-15,2019-07-15,73
718,地図/旅行ガイド,2019-07-15,2019-07-15,73
719,ビジネス/経済,2019-07-15,2019-07-15,73
720,健康/医学,2019-07-15,2019-07-15,73
721,コンピュータ/IT,2019-07-15,2019-07-15,73
722,趣味/スポーツ/実用,2019-07-15,2019-07-15,73
723,住まい/暮らし/子育て,2019-07-15,2019-07-15,73
724,アート/エンタメ,2019-07-15,2019-07-15,73
725,洋書,2019-07-15,2019-07-15,73
726,絵本,2019-07-15,2019-07-15,73
727,参考書,2019-07-15,2019-07-15,73
728,その他,2019-07-15,2019-07-15,73
729,全巻セット,2019-07-15,2019-07-15,74
730,少年漫画,2019-07-15,2019-07-15,74
731,少女漫画,2019-07-15,2019-07-15,74
732,青年漫画,2019-07-15,2019-07-15,74
733,女性漫画,2019-07-15,2019-07-15,74
734,同人誌,2019-07-15,2019-07-15,74
735,その他,2019-07-15,2019-07-15,74
736,アート/エンタメ/ホビー,2019-07-15,2019-07-15,75
737,ファッション,2019-07-15,2019-07-15,75
738,ニュース/総合,2019-07-15,2019-07-15,75
739,趣味/スポーツ,2019-07-15,2019-07-15,75
740,その他,2019-07-15,2019-07-15,75
741,邦楽,2019-07-15,2019-07-15,76
742,洋楽,2019-07-15,2019-07-15,76
743,アニメ,2019-07-15,2019-07-15,76
744,クラシック,2019-07-15,2019-07-15,76
745,K-POP/アジア,2019-07-15,2019-07-15,76
746,キッズ/ファミリー,2019-07-15,2019-07-15,76
747,その他,2019-07-15,2019-07-15,76
748,外国映画,2019-07-15,2019-07-15,77
749,日本映画,2019-07-15,2019-07-15,77
750,アニメ,2019-07-15,2019-07-15,77
751,TVドラマ,2019-07-15,2019-07-15,77
752,ミュージック,2019-07-15,2019-07-15,77
753,お笑い/バラエティ,2019-07-15,2019-07-15,77
754,スポーツ/フィットネス,2019-07-15,2019-07-15,77
755,キッズ/ファミリー,2019-07-15,2019-07-15,77
756,その他,2019-07-15,2019-07-15,77
757,邦楽,2019-07-15,2019-07-15,78
758,洋楽,2019-07-15,2019-07-15,78
759,その他,2019-07-15,2019-07-15,78
760,家庭用ゲーム本体,2019-07-15,2019-07-15,79
761,家庭用ゲームソフト,2019-07-15,2019-07-15,79
762,携帯用ゲーム本体,2019-07-15,2019-07-15,79
763,携帯用ゲームソフト,2019-07-15,2019-07-15,79
764,PCゲーム,2019-07-15,2019-07-15,79
765,その他,2019-07-15,2019-07-15,79
766,キャラクターグッズ,2019-07-15,2019-07-15,80
767,ぬいぐるみ,2019-07-15,2019-07-15,80
768,小物/アクセサリー,2019-07-15,2019-07-15,80
769,模型/プラモデル,2019-07-15,2019-07-15,80
770,ミニカー,2019-07-15,2019-07-15,80
771,トイラジコン,2019-07-15,2019-07-15,80
772,プラモデル,2019-07-15,2019-07-15,80
773,ホビーラジコン,2019-07-15,2019-07-15,80
774,鉄道模型,2019-07-15,2019-07-15,80
775,その他,2019-07-15,2019-07-15,80
776,アイドル,2019-07-15,2019-07-15,81
777,ミュージシャン,2019-07-15,2019-07-15,81
778,タレント/お笑い芸人,2019-07-15,2019-07-15,81
779,スポーツ選手,2019-07-15,2019-07-15,81
780,その他,2019-07-15,2019-07-15,81
781,ストラップ,2019-07-15,2019-07-15,82
782,キーホルダー,2019-07-15,2019-07-15,82
783,バッジ,2019-07-15,2019-07-15,82
784,カード,2019-07-15,2019-07-15,82
785,クリアファイル,2019-07-15,2019-07-15,82
786,ポスター,2019-07-15,2019-07-15,82
787,タオル,2019-07-15,2019-07-15,82
788,その他,2019-07-15,2019-07-15,82
789,遊戯王,2019-07-15,2019-07-15,83
790,マジック：ザ・ギャザリング,2019-07-15,2019-07-15,83
791,ポケモンカードゲーム,2019-07-15,2019-07-15,83
792,デュエルマスターズ,2019-07-15,2019-07-15,83
793,バトルスピリッツ,2019-07-15,2019-07-15,83
794,プリパラ,2019-07-15,2019-07-15,83
795,アイカツ,2019-07-15,2019-07-15,83
796,カードファイト!!ヴァンガード,2019-07-15,2019-07-15,83
797,ヴァイスシュヴァルツ,2019-07-15,2019-07-15,83
798,プロ野球オーナーズリーグ,2019-07-15,2019-07-15,83
799,ベースボールヒーローズ,2019-07-15,2019-07-15,83
800,ドラゴンボール,2019-07-15,2019-07-15,83
801,スリーブ,2019-07-15,2019-07-15,83
802,その他,2019-07-15,2019-07-15,83
803,コミック/アニメ,2019-07-15,2019-07-15,84
804,特撮,2019-07-15,2019-07-15,84
805,ゲームキャラクター,2019-07-15,2019-07-15,84
806,SF/ファンタジー/ホラー,2019-07-15,2019-07-15,84
807,アメコミ,2019-07-15,2019-07-15,84
808,スポーツ,2019-07-15,2019-07-15,84
809,ミリタリー,2019-07-15,2019-07-15,84
810,その他,2019-07-15,2019-07-15,84
811,エレキギター,2019-07-15,2019-07-15,85
812,アコースティックギター,2019-07-15,2019-07-15,85
813,ベース,2019-07-15,2019-07-15,85
814,エフェクター,2019-07-15,2019-07-15,85
815,アンプ,2019-07-15,2019-07-15,85
816,弦楽器,2019-07-15,2019-07-15,85
817,管楽器,2019-07-15,2019-07-15,85
818,鍵盤楽器,2019-07-15,2019-07-15,85
819,打楽器,2019-07-15,2019-07-15,85
820,和楽器,2019-07-15,2019-07-15,85
821,楽譜/スコア,2019-07-15,2019-07-15,85
822,レコーディング/PA機器,2019-07-15,2019-07-15,85
823,DJ機器,2019-07-15,2019-07-15,85
824,DTM/DAW,2019-07-15,2019-07-15,85
825,その他,2019-07-15,2019-07-15,85
826,武具,2019-07-15,2019-07-15,86
827,使用済切手/官製はがき,2019-07-15,2019-07-15,86
828,旧貨幣/金貨/銀貨/記念硬貨,2019-07-15,2019-07-15,86
829,印刷物,2019-07-15,2019-07-15,86
830,ノベルティグッズ,2019-07-15,2019-07-15,86
831,その他,2019-07-15,2019-07-15,86
832,トイガン,2019-07-15,2019-07-15,87
833,個人装備,2019-07-15,2019-07-15,87
834,その他,2019-07-15,2019-07-15,87
835,陶芸,2019-07-15,2019-07-15,88
836,ガラス,2019-07-15,2019-07-15,88
837,漆芸,2019-07-15,2019-07-15,88
838,金属工芸,2019-07-15,2019-07-15,88
839,絵画/タペストリ,2019-07-15,2019-07-15,88
840,版画,2019-07-15,2019-07-15,88
841,彫刻/オブジェクト,2019-07-15,2019-07-15,88
842,書,2019-07-15,2019-07-15,88
843,写真,2019-07-15,2019-07-15,88
844,その他,2019-07-15,2019-07-15,88
845,画材,2019-07-15,2019-07-15,89
846,額縁,2019-07-15,2019-07-15,89
847,その他,2019-07-15,2019-07-15,89
848,トランプ/UNO,2019-07-15,2019-07-15,90
849,カルタ/百人一首,2019-07-15,2019-07-15,90
850,ダーツ,2019-07-15,2019-07-15,90
851,ビリヤード,2019-07-15,2019-07-15,90
852,麻雀,2019-07-15,2019-07-15,90
853,パズル/ジグソーパズル,2019-07-15,2019-07-15,90
854,囲碁/将棋,2019-07-15,2019-07-15,90
855,オセロ/チェス,2019-07-15,2019-07-15,90
856,人生ゲーム,2019-07-15,2019-07-15,90
857,野球/サッカーゲーム,2019-07-15,2019-07-15,90
858,スポーツ,2019-07-15,2019-07-15,90
859,三輪車/乗り物,2019-07-15,2019-07-15,90
860,ヨーヨー,2019-07-15,2019-07-15,90
861,模型製作用品,2019-07-15,2019-07-15,90
862,鉄道,2019-07-15,2019-07-15,90
863,航空機,2019-07-15,2019-07-15,90
864,アマチュア無線,2019-07-15,2019-07-15,90
865,パチンコ/パチスロ,2019-07-15,2019-07-15,90
866,その他,2019-07-15,2019-07-15,90
867,ファンデーション,2019-07-15,2019-07-15,91
868,化粧下地,2019-07-15,2019-07-15,91
869,コントロールカラー,2019-07-15,2019-07-15,91
870,BBクリーム,2019-07-15,2019-07-15,91
871,CCクリーム,2019-07-15,2019-07-15,91
872,コンシーラー,2019-07-15,2019-07-15,91
873,フェイスパウダー,2019-07-15,2019-07-15,91
874,トライアルセット/サンプル,2019-07-15,2019-07-15,91
875,その他,2019-07-15,2019-07-15,91
876,アイシャドウ,2019-07-15,2019-07-15,92
877,口紅,2019-07-15,2019-07-15,92
878,リップグロス,2019-07-15,2019-07-15,92
879,リップライナー,2019-07-15,2019-07-15,92
880,チーク,2019-07-15,2019-07-15,92
881,フェイスカラー,2019-07-15,2019-07-15,92
882,マスカラ,2019-07-15,2019-07-15,92
883,アイライナー,2019-07-15,2019-07-15,92
884,つけまつげ,2019-07-15,2019-07-15,92
885,アイブロウペンシル,2019-07-15,2019-07-15,92
886,パウダーアイブロウ,2019-07-15,2019-07-15,92
887,眉マスカラ,2019-07-15,2019-07-15,92
888,トライアルセット/サンプル,2019-07-15,2019-07-15,92
889,メイク道具/化粧小物,2019-07-15,2019-07-15,92
890,美顔用品/美顔ローラー,2019-07-15,2019-07-15,92
891,その他,2019-07-15,2019-07-15,92
892,ネイルカラー,2019-07-15,2019-07-15,93
893,カラージェル,2019-07-15,2019-07-15,93
894,ネイルベースコート/トップコート,2019-07-15,2019-07-15,93
895,ネイルアート用品,2019-07-15,2019-07-15,93
896,ネイルパーツ,2019-07-15,2019-07-15,93
897,ネイルチップ/付け爪,2019-07-15,2019-07-15,93
898,手入れ用具,2019-07-15,2019-07-15,93
899,除光液,2019-07-15,2019-07-15,93
900,その他,2019-07-15,2019-07-15,93
901,香水(女性用),2019-07-15,2019-07-15,94
902,香水(男性用),2019-07-15,2019-07-15,94
903,ユニセックス,2019-07-15,2019-07-15,94
904,ボディミスト,2019-07-15,2019-07-15,94
905,その他,2019-07-15,2019-07-15,94
906,化粧水/ローション,2019-07-15,2019-07-15,95
907,乳液/ミルク,2019-07-15,2019-07-15,95
908,美容液,2019-07-15,2019-07-15,95
909,フェイスクリーム,2019-07-15,2019-07-15,95
910,洗顔料,2019-07-15,2019-07-15,95
911,クレンジング/メイク落とし,2019-07-15,2019-07-15,95
912,パック/フェイスマスク,2019-07-15,2019-07-15,95
913,ジェル/ゲル,2019-07-15,2019-07-15,95
914,ブースター/導入液,2019-07-15,2019-07-15,95
915,アイケア,2019-07-15,2019-07-15,95
916,リップケア,2019-07-15,2019-07-15,95
917,トライアルセット/サンプル,2019-07-15,2019-07-15,95
918,洗顔グッズ,2019-07-15,2019-07-15,95
919,その他,2019-07-15,2019-07-15,95
920,シャンプー,2019-07-15,2019-07-15,96
921,トリートメント,2019-07-15,2019-07-15,96
922,コンディショナー,2019-07-15,2019-07-15,96
923,リンス,2019-07-15,2019-07-15,96
924,スタイリング剤,2019-07-15,2019-07-15,96
925,カラーリング剤,2019-07-15,2019-07-15,96
926,ブラシ,2019-07-15,2019-07-15,96
927,その他,2019-07-15,2019-07-15,96
928,オイル/クリーム,2019-07-15,2019-07-15,97
929,ハンドクリーム,2019-07-15,2019-07-15,97
930,ローション,2019-07-15,2019-07-15,97
931,日焼け止め/サンオイル,2019-07-15,2019-07-15,97
932,ボディソープ,2019-07-15,2019-07-15,97
933,入浴剤,2019-07-15,2019-07-15,97
934,制汗/デオドラント,2019-07-15,2019-07-15,97
935,フットケア,2019-07-15,2019-07-15,97
936,その他,2019-07-15,2019-07-15,97
937,口臭防止/エチケット用品,2019-07-15,2019-07-15,98
938,歯ブラシ,2019-07-15,2019-07-15,98
939,その他,2019-07-15,2019-07-15,98
940,エッセンシャルオイル,2019-07-15,2019-07-15,99
941,芳香器,2019-07-15,2019-07-15,99
942,お香/香炉,2019-07-15,2019-07-15,99
943,キャンドル,2019-07-15,2019-07-15,99
944,リラクゼーショングッズ,2019-07-15,2019-07-15,99
945,その他,2019-07-15,2019-07-15,99
946,ダイエット食品,2019-07-15,2019-07-15,100
947,エクササイズ用品,2019-07-15,2019-07-15,100
948,体重計,2019-07-15,2019-07-15,100
949,体脂肪計,2019-07-15,2019-07-15,100
950,その他,2019-07-15,2019-07-15,100
951,健康用品,2019-07-15,2019-07-15,101
952,看護/介護用品,2019-07-15,2019-07-15,101
953,救急/衛生用品,2019-07-15,2019-07-15,101
954,その他,2019-07-15,2019-07-15,101
955,スマートフォン本体,2019-07-15,2019-07-15,102
956,バッテリー/充電器,2019-07-15,2019-07-15,102
957,携帯電話本体,2019-07-15,2019-07-15,102
958,PHS本体,2019-07-15,2019-07-15,102
959,その他,2019-07-15,2019-07-15,102
960,Android用ケース,2019-07-15,2019-07-15,103
961,iPhone用ケース,2019-07-15,2019-07-15,103
962,カバー,2019-07-15,2019-07-15,103
963,イヤホンジャック,2019-07-15,2019-07-15,103
964,ストラップ,2019-07-15,2019-07-15,103
965,フィルム,2019-07-15,2019-07-15,103
966,自撮り棒,2019-07-15,2019-07-15,103
967,その他,2019-07-15,2019-07-15,103
968,タブレット,2019-07-15,2019-07-15,104
969,ノートPC,2019-07-15,2019-07-15,104
970,デスクトップ型PC,2019-07-15,2019-07-15,104
971,ディスプレイ,2019-07-15,2019-07-15,104
972,電子ブックリーダー,2019-07-15,2019-07-15,104
973,PC周辺機器,2019-07-15,2019-07-15,104
974,PCパーツ,2019-07-15,2019-07-15,104
975,その他,2019-07-15,2019-07-15,104
976,デジタルカメラ,2019-07-15,2019-07-15,105
977,ビデオカメラ,2019-07-15,2019-07-15,105
978,レンズ(単焦点),2019-07-15,2019-07-15,105
979,レンズ(ズーム),2019-07-15,2019-07-15,105
980,フィルムカメラ,2019-07-15,2019-07-15,105
981,防犯カメラ,2019-07-15,2019-07-15,105
982,その他,2019-07-15,2019-07-15,105
983,テレビ,2019-07-15,2019-07-15,106
984,プロジェクター,2019-07-15,2019-07-15,106
985,ブルーレイレコーダー,2019-07-15,2019-07-15,106
986,DVDレコーダー,2019-07-15,2019-07-15,106
987,ブルーレイプレーヤー,2019-07-15,2019-07-15,106
988,DVDプレーヤー,2019-07-15,2019-07-15,106
989,映像用ケーブル,2019-07-15,2019-07-15,106
990,その他,2019-07-15,2019-07-15,106
991,ポータブルプレーヤー,2019-07-15,2019-07-15,107
992,イヤフォン,2019-07-15,2019-07-15,107
993,ヘッドフォン,2019-07-15,2019-07-15,107
994,アンプ,2019-07-15,2019-07-15,107
995,スピーカー,2019-07-15,2019-07-15,107
996,ケーブル/シールド,2019-07-15,2019-07-15,107
997,ラジオ,2019-07-15,2019-07-15,107
998,その他,2019-07-15,2019-07-15,107
999,ヘアドライヤー,2019-07-15,2019-07-15,108
1000,ヘアアイロン,2019-07-15,2019-07-15,108
1001,美容機器,2019-07-15,2019-07-15,108
1002,電気シェーバー,2019-07-15,2019-07-15,108
1003,電動歯ブラシ,2019-07-15,2019-07-15,108
1004,その他,2019-07-15,2019-07-15,108
1005,エアコン,2019-07-15,2019-07-15,109
1006,空気清浄器,2019-07-15,2019-07-15,109
1007,加湿器,2019-07-15,2019-07-15,109
1008,扇風機,2019-07-15,2019-07-15,109
1009,除湿機,2019-07-15,2019-07-15,109
1010,ファンヒーター,2019-07-15,2019-07-15,109
1011,電気ヒーター,2019-07-15,2019-07-15,109
1012,オイルヒーター,2019-07-15,2019-07-15,109
1013,ストーブ,2019-07-15,2019-07-15,109
1014,ホットカーペット,2019-07-15,2019-07-15,109
1015,こたつ,2019-07-15,2019-07-15,109
1016,電気毛布,2019-07-15,2019-07-15,109
1017,その他,2019-07-15,2019-07-15,109
1018,冷蔵庫,2019-07-15,2019-07-15,110
1019,洗濯機,2019-07-15,2019-07-15,110
1020,炊飯器,2019-07-15,2019-07-15,110
1021,電子レンジ/オーブン,2019-07-15,2019-07-15,110
1022,調理機器,2019-07-15,2019-07-15,110
1023,アイロン,2019-07-15,2019-07-15,110
1024,掃除機,2019-07-15,2019-07-15,110
1025,エスプレッソマシン,2019-07-15,2019-07-15,110
1026,コーヒーメーカー,2019-07-15,2019-07-15,110
1027,衣類乾燥機,2019-07-15,2019-07-15,110
1028,その他,2019-07-15,2019-07-15,110
1029,その他,2019-07-15,2019-07-15,111
1030,クラブ,2019-07-15,2019-07-15,112
1031,ウエア(男性用),2019-07-15,2019-07-15,112
1032,ウエア(女性用),2019-07-15,2019-07-15,112
1033,バッグ,2019-07-15,2019-07-15,112
1034,シューズ(男性用),2019-07-15,2019-07-15,112
1035,シューズ(女性用),2019-07-15,2019-07-15,112
1036,アクセサリー,2019-07-15,2019-07-15,112
1037,その他,2019-07-15,2019-07-15,112
1038,ロッド,2019-07-15,2019-07-15,113
1039,リール,2019-07-15,2019-07-15,113
1040,ルアー用品,2019-07-15,2019-07-15,113
1041,ウエア,2019-07-15,2019-07-15,113
1042,釣り糸/ライン,2019-07-15,2019-07-15,113
1043,その他,2019-07-15,2019-07-15,113
1044,自転車本体,2019-07-15,2019-07-15,114
1045,ウエア,2019-07-15,2019-07-15,114
1046,パーツ,2019-07-15,2019-07-15,114
1047,アクセサリー,2019-07-15,2019-07-15,114
1048,バッグ,2019-07-15,2019-07-15,114
1049,工具/メンテナンス,2019-07-15,2019-07-15,114
1050,その他,2019-07-15,2019-07-15,114
1051,ランニング,2019-07-15,2019-07-15,115
1052,ウォーキング,2019-07-15,2019-07-15,115
1053,ヨガ,2019-07-15,2019-07-15,115
1054,トレーニング用品,2019-07-15,2019-07-15,115
1055,その他,2019-07-15,2019-07-15,115
1056,ウェア,2019-07-15,2019-07-15,116
1057,シューズ,2019-07-15,2019-07-15,116
1058,グローブ,2019-07-15,2019-07-15,116
1059,バット,2019-07-15,2019-07-15,116
1060,アクセサリー,2019-07-15,2019-07-15,116
1061,防具,2019-07-15,2019-07-15,116
1062,練習機器,2019-07-15,2019-07-15,116
1063,記念グッズ,2019-07-15,2019-07-15,116
1064,応援グッズ,2019-07-15,2019-07-15,116
1065,その他,2019-07-15,2019-07-15,116
1066,ウェア,2019-07-15,2019-07-15,117
1067,シューズ,2019-07-15,2019-07-15,117
1068,ボール,2019-07-15,2019-07-15,117
1069,アクセサリー,2019-07-15,2019-07-15,117
1070,記念グッズ,2019-07-15,2019-07-15,117
1071,応援グッズ,2019-07-15,2019-07-15,117
1072,その他,2019-07-15,2019-07-15,117
1073,ラケット(硬式用),2019-07-15,2019-07-15,118
1074,ラケット(軟式用),2019-07-15,2019-07-15,118
1075,ウェア,2019-07-15,2019-07-15,118
1076,シューズ,2019-07-15,2019-07-15,118
1077,ボール,2019-07-15,2019-07-15,118
1078,アクセサリー,2019-07-15,2019-07-15,118
1079,記念グッズ,2019-07-15,2019-07-15,118
1080,応援グッズ,2019-07-15,2019-07-15,118
1081,その他,2019-07-15,2019-07-15,118
1082,ボード,2019-07-15,2019-07-15,119
1083,バインディング,2019-07-15,2019-07-15,119
1084,ブーツ(男性用),2019-07-15,2019-07-15,119
1085,ブーツ(女性用),2019-07-15,2019-07-15,119
1086,ブーツ(子ども用),2019-07-15,2019-07-15,119
1087,ウエア/装備(男性用),2019-07-15,2019-07-15,119
1088,ウエア/装備(女性用),2019-07-15,2019-07-15,119
1089,ウエア/装備(子ども用),2019-07-15,2019-07-15,119
1090,アクセサリー,2019-07-15,2019-07-15,119
1091,バッグ,2019-07-15,2019-07-15,119
1092,その他,2019-07-15,2019-07-15,119
1093,板,2019-07-15,2019-07-15,120
1094,ブーツ(男性用),2019-07-15,2019-07-15,120
1095,ブーツ(女性用),2019-07-15,2019-07-15,120
1096,ブーツ(子ども用),2019-07-15,2019-07-15,120
1097,ビンディング,2019-07-15,2019-07-15,120
1098,ウエア(男性用),2019-07-15,2019-07-15,120
1099,ウエア(女性用),2019-07-15,2019-07-15,120
1100,ウエア(子ども用),2019-07-15,2019-07-15,120
1101,ストック,2019-07-15,2019-07-15,120
1102,その他,2019-07-15,2019-07-15,120
1103,ダンス/バレエ,2019-07-15,2019-07-15,121
1104,サーフィン,2019-07-15,2019-07-15,121
1105,バスケットボール,2019-07-15,2019-07-15,121
1106,バドミントン,2019-07-15,2019-07-15,121
1107,バレーボール,2019-07-15,2019-07-15,121
1108,スケートボード,2019-07-15,2019-07-15,121
1109,陸上競技,2019-07-15,2019-07-15,121
1110,ラグビー,2019-07-15,2019-07-15,121
1111,アメリカンフットボール,2019-07-15,2019-07-15,121
1112,ボクシング,2019-07-15,2019-07-15,121
1113,ボウリング,2019-07-15,2019-07-15,121
1114,その他,2019-07-15,2019-07-15,121
1115,テント/タープ,2019-07-15,2019-07-15,122
1116,ライト/ランタン,2019-07-15,2019-07-15,122
1117,寝袋/寝具,2019-07-15,2019-07-15,122
1118,テーブル/チェア,2019-07-15,2019-07-15,122
1119,ストーブ/コンロ,2019-07-15,2019-07-15,122
1120,調理器具,2019-07-15,2019-07-15,122
1121,食器,2019-07-15,2019-07-15,122
1122,登山用品,2019-07-15,2019-07-15,122
1123,その他,2019-07-15,2019-07-15,122
1124,旅行用品,2019-07-15,2019-07-15,123
1125,その他,2019-07-15,2019-07-15,123
1126,ピアス,2019-07-15,2019-07-15,124
1127,イヤリング,2019-07-15,2019-07-15,124
1128,ネックレス,2019-07-15,2019-07-15,124
1129,ブレスレット,2019-07-15,2019-07-15,124
1130,リング,2019-07-15,2019-07-15,124
1131,チャーム,2019-07-15,2019-07-15,124
1132,ヘアゴム,2019-07-15,2019-07-15,124
1133,アンクレット,2019-07-15,2019-07-15,124
1134,その他,2019-07-15,2019-07-15,124
1135,バッグ(女性用),2019-07-15,2019-07-15,125
1136,バッグ(男性用),2019-07-15,2019-07-15,125
1137,財布(女性用),2019-07-15,2019-07-15,125
1138,財布(男性用),2019-07-15,2019-07-15,125
1139,ファッション雑貨,2019-07-15,2019-07-15,125
1140,その他,2019-07-15,2019-07-15,125
1141,アクセサリー(男性用),2019-07-15,2019-07-15,126
1142,時計(女性用),2019-07-15,2019-07-15,126
1143,時計(男性用),2019-07-15,2019-07-15,126
1144,その他,2019-07-15,2019-07-15,126
1145,キッチン用品,2019-07-15,2019-07-15,127
1146,家具,2019-07-15,2019-07-15,127
1147,文房具,2019-07-15,2019-07-15,127
1148,アート/写真,2019-07-15,2019-07-15,127
1149,アロマ/キャンドル,2019-07-15,2019-07-15,127
1150,フラワー/ガーデン,2019-07-15,2019-07-15,127
1151,その他,2019-07-15,2019-07-15,127
1152,クラフト/布製品,2019-07-15,2019-07-15,128
1153,おもちゃ/人形,2019-07-15,2019-07-15,128
1154,その他,2019-07-15,2019-07-15,128
1155,ファッション雑貨,2019-07-15,2019-07-15,129
1156,スタイ/よだれかけ,2019-07-15,2019-07-15,129
1157,外出用品,2019-07-15,2019-07-15,129
1158,ネームタグ,2019-07-15,2019-07-15,129
1159,その他,2019-07-15,2019-07-15,129
1160,各種パーツ,2019-07-15,2019-07-15,130
1161,生地/糸,2019-07-15,2019-07-15,130
1162,型紙/パターン,2019-07-15,2019-07-15,130
1163,その他,2019-07-15,2019-07-15,130
1164,Ingress,2019-07-15,2019-07-15,131
1165,クリエイターズ宇宙兄弟,2019-07-15,2019-07-15,131
1166,その他,2019-07-15,2019-07-15,131
1167,その他,2019-07-15,2019-07-15,132
1168,男性アイドル,2019-07-15,2019-07-15,133
1169,女性アイドル,2019-07-15,2019-07-15,133
1170,韓流,2019-07-15,2019-07-15,133
1171,国内アーティスト,2019-07-15,2019-07-15,133
1172,海外アーティスト,2019-07-15,2019-07-15,133
1173,音楽フェス,2019-07-15,2019-07-15,133
1174,声優/アニメ,2019-07-15,2019-07-15,133
1175,その他,2019-07-15,2019-07-15,133
1176,サッカー,2019-07-15,2019-07-15,134
1177,野球,2019-07-15,2019-07-15,134
1178,テニス,2019-07-15,2019-07-15,134
1179,格闘技/プロレス,2019-07-15,2019-07-15,134
1180,相撲/武道,2019-07-15,2019-07-15,134
1181,ゴルフ,2019-07-15,2019-07-15,134
1182,バレーボール,2019-07-15,2019-07-15,134
1183,バスケットボール,2019-07-15,2019-07-15,134
1184,モータースポーツ,2019-07-15,2019-07-15,134
1185,ウィンタースポーツ,2019-07-15,2019-07-15,134
1186,その他,2019-07-15,2019-07-15,134
1187,ミュージカル,2019-07-15,2019-07-15,135
1188,演劇,2019-07-15,2019-07-15,135
1189,伝統芸能,2019-07-15,2019-07-15,135
1190,落語,2019-07-15,2019-07-15,135
1191,お笑い,2019-07-15,2019-07-15,135
1192,オペラ,2019-07-15,2019-07-15,135
1193,サーカス,2019-07-15,2019-07-15,135
1194,バレエ,2019-07-15,2019-07-15,135
1195,その他,2019-07-15,2019-07-15,135
1196,声優/アニメ,2019-07-15,2019-07-15,136
1197,キッズ/ファミリー,2019-07-15,2019-07-15,136
1198,トークショー/講演会,2019-07-15,2019-07-15,136
1199,その他,2019-07-15,2019-07-15,136
1200,邦画,2019-07-15,2019-07-15,137
1201,洋画,2019-07-15,2019-07-15,137
1202,その他,2019-07-15,2019-07-15,137
1203,遊園地/テーマパーク,2019-07-15,2019-07-15,138
1204,美術館/博物館,2019-07-15,2019-07-15,138
1205,スキー場,2019-07-15,2019-07-15,138
1206,ゴルフ場,2019-07-15,2019-07-15,138
1207,フィットネスクラブ,2019-07-15,2019-07-15,138
1208,プール,2019-07-15,2019-07-15,138
1209,ボウリング場,2019-07-15,2019-07-15,138
1210,水族館,2019-07-15,2019-07-15,138
1211,動物園,2019-07-15,2019-07-15,138
1212,その他,2019-07-15,2019-07-15,138
1213,ショッピング,2019-07-15,2019-07-15,139
1214,レストラン/食事券,2019-07-15,2019-07-15,139
1215,フード/ドリンク券,2019-07-15,2019-07-15,139
1216,宿泊券,2019-07-15,2019-07-15,139
1217,その他,2019-07-15,2019-07-15,139
1218,その他,2019-07-15,2019-07-15,140
1219,国内自動車本体,2019-07-15,2019-07-15,141
1220,外国自動車本体,2019-07-15,2019-07-15,141
1221,その他,2019-07-15,2019-07-15,141
1222,タイヤ/ホイールセット,2019-07-15,2019-07-15,142
1223,タイヤ,2019-07-15,2019-07-15,142
1224,ホイール,2019-07-15,2019-07-15,142
1225,その他,2019-07-15,2019-07-15,142
1226,サスペンション,2019-07-15,2019-07-15,143
1227,ブレーキ,2019-07-15,2019-07-15,143
1228,外装、エアロパーツ,2019-07-15,2019-07-15,143
1229,ライト,2019-07-15,2019-07-15,143
1230,内装品、シート,2019-07-15,2019-07-15,143
1231,ステアリング,2019-07-15,2019-07-15,143
1232,マフラー・排気系,2019-07-15,2019-07-15,143
1233,エンジン、過給器、冷却装置,2019-07-15,2019-07-15,143
1234,クラッチ、ミッション、駆動系,2019-07-15,2019-07-15,143
1235,電装品,2019-07-15,2019-07-15,143
1236,補強パーツ,2019-07-15,2019-07-15,143
1237,汎用パーツ,2019-07-15,2019-07-15,143
1238,外国自動車用パーツ,2019-07-15,2019-07-15,143
1239,その他,2019-07-15,2019-07-15,143
1240,車内アクセサリー,2019-07-15,2019-07-15,144
1241,カーナビ,2019-07-15,2019-07-15,144
1242,カーオーディオ,2019-07-15,2019-07-15,144
1243,車外アクセサリー,2019-07-15,2019-07-15,144
1244,メンテナンス用品,2019-07-15,2019-07-15,144
1245,チャイルドシート,2019-07-15,2019-07-15,144
1246,ドライブレコーダー,2019-07-15,2019-07-15,144
1247,レーダー探知機,2019-07-15,2019-07-15,144
1248,カタログ/マニュアル,2019-07-15,2019-07-15,144
1249,セキュリティ,2019-07-15,2019-07-15,144
1250,ETC,2019-07-15,2019-07-15,144
1251,その他,2019-07-15,2019-07-15,144
1252,オートバイ車体,2019-07-15,2019-07-15,145
1253,その他,2019-07-15,2019-07-15,145
1254,タイヤ,2019-07-15,2019-07-15,146
1255,マフラー,2019-07-15,2019-07-15,146
1256,エンジン、冷却装置,2019-07-15,2019-07-15,146
1257,カウル、フェンダー、外装,2019-07-15,2019-07-15,146
1258,サスペンション,2019-07-15,2019-07-15,146
1259,ホイール,2019-07-15,2019-07-15,146
1260,シート,2019-07-15,2019-07-15,146
1261,ブレーキ,2019-07-15,2019-07-15,146
1262,タンク,2019-07-15,2019-07-15,146
1263,ライト、ウィンカー,2019-07-15,2019-07-15,146
1264,チェーン、スプロケット、駆動系,2019-07-15,2019-07-15,146
1265,メーター,2019-07-15,2019-07-15,146
1266,電装系,2019-07-15,2019-07-15,146
1267,ミラー,2019-07-15,2019-07-15,146
1268,外国オートバイ用パーツ,2019-07-15,2019-07-15,146
1269,その他,2019-07-15,2019-07-15,146
1270,ヘルメット/シールド,2019-07-15,2019-07-15,147
1271,バイクウエア/装備,2019-07-15,2019-07-15,147
1272,アクセサリー,2019-07-15,2019-07-15,147
1273,メンテナンス,2019-07-15,2019-07-15,147
1274,カタログ/マニュアル,2019-07-15,2019-07-15,147
1275,その他,2019-07-15,2019-07-15,147
1276,まとめ売り,2019-07-15,2019-07-15,148
1277,その他,2019-07-15,2019-07-15,148
1278,ペットフード,2019-07-15,2019-07-15,149
1279,犬用品,2019-07-15,2019-07-15,149
1280,猫用品,2019-07-15,2019-07-15,149
1281,魚用品/水草,2019-07-15,2019-07-15,149
1282,小動物用品,2019-07-15,2019-07-15,149
1283,爬虫類/両生類用品,2019-07-15,2019-07-15,149
1284,かご/おり,2019-07-15,2019-07-15,149
1285,鳥用品,2019-07-15,2019-07-15,149
1286,虫類用品,2019-07-15,2019-07-15,149
1287,その他,2019-07-15,2019-07-15,149
1288,菓子,2019-07-15,2019-07-15,150
1289,米,2019-07-15,2019-07-15,150
1290,野菜,2019-07-15,2019-07-15,150
1291,果物,2019-07-15,2019-07-15,150
1292,調味料,2019-07-15,2019-07-15,150
1293,魚介類(加工食品),2019-07-15,2019-07-15,150
1294,肉類(加工食品),2019-07-15,2019-07-15,150
1295,その他加工食品,2019-07-15,2019-07-15,150
1296,その他,2019-07-15,2019-07-15,150
1297,コーヒー,2019-07-15,2019-07-15,151
1298,ソフトドリンク,2019-07-15,2019-07-15,151
1299,ミネラルウォーター,2019-07-15,2019-07-15,151
1300,茶,2019-07-15,2019-07-15,151
1301,ウイスキー,2019-07-15,2019-07-15,151
1302,ワイン,2019-07-15,2019-07-15,151
1303,ブランデー,2019-07-15,2019-07-15,151
1304,焼酎,2019-07-15,2019-07-15,151
1305,日本酒,2019-07-15,2019-07-15,151
1306,ビール、発泡酒,2019-07-15,2019-07-15,151
1307,その他,2019-07-15,2019-07-15,151
1308,タオル/バス用品,2019-07-15,2019-07-15,152
1309,日用品/生活雑貨,2019-07-15,2019-07-15,152
1310,洗剤/柔軟剤,2019-07-15,2019-07-15,152
1311,旅行用品,2019-07-15,2019-07-15,152
1312,防災関連グッズ,2019-07-15,2019-07-15,152
1313,その他,2019-07-15,2019-07-15,152
1314,雑貨,2019-07-15,2019-07-15,153
1315,工芸品,2019-07-15,2019-07-15,153
1316,家具,2019-07-15,2019-07-15,153
1317,印刷物,2019-07-15,2019-07-15,153
1318,その他,2019-07-15,2019-07-15,153
1319,筆記具,2019-07-15,2019-07-15,154
1320,ノート/メモ帳,2019-07-15,2019-07-15,154
1321,テープ/マスキングテープ,2019-07-15,2019-07-15,154
1322,カレンダー/スケジュール,2019-07-15,2019-07-15,154
1323,アルバム/スクラップ,2019-07-15,2019-07-15,154
1324,ファイル/バインダー,2019-07-15,2019-07-15,154
1325,はさみ/カッター,2019-07-15,2019-07-15,154
1326,カードホルダー/名刺管理,2019-07-15,2019-07-15,154
1327,のり/ホッチキス,2019-07-15,2019-07-15,154
1328,その他,2019-07-15,2019-07-15,154
1329,オフィス用品一般,2019-07-15,2019-07-15,155
1330,オフィス家具,2019-07-15,2019-07-15,155
1331,店舗用品,2019-07-15,2019-07-15,155
1332,OA機器,2019-07-15,2019-07-15,155
1333,ラッピング/包装,2019-07-15,2019-07-15,155
1334,その他,2019-07-15,2019-07-15,155
1335,その他,2019-07-15,2019-07-15,156